Gnumber,BookTitle,CNumber
1,سيدات القمر - جوخة الحارثي,892.73
1,سيدات القمر - جوخة الحارثي,892.73
2,نارنجة - جوخة الحارثي,892.73
3,حرير الغزالة - جوخة الحارثي,892.73
4,تغريبة القافر - زهران القاسمي,892.73
5,جبل الشوع - زهران القاسمي,892.73
6,القناص - زهران القاسمي,892.73
7,تبكي الأرض يضحك زحل - عبدالعزيز الفارسي,892.73
8,الذي لا يحب جمال عبدالناصر - سليمان المعمري,892.73
9,دلشاد - بشرى خلفان,892.73
10,الباغ - بشرى خلفان,892.73
11,الأشياء ليست في أماكنها - هدى حمد,892.73
12,سندريلات مسقط - هدى حمد,892.73
13,تحفة الأعيان بسيرة أهل عُمان - نور الدين السالمي,953.53
14,عُمان عبر التاريخ - سالم بن حمود السيابي,953.53
15,عُمان في التاريخ,953.53
16,الموسوعة العُمانية - المجلد الأول,030
17,القلاع والحصون في سلطنة عُمان,725.18
18,ديوان أبي مسلم البهلاني,892.71
19,الأفلاج في عُمان: تراث وحضارة,631.7
20,اللبان العُماني: تاريخ وتجارة,382.45
21,أطلس سلطنة عُمان المدرسي,912.5353
22,الحرف والصناعات التقليدية في عُمان,745.5
23,الخنجر العُماني: رمز الأصالة,739.72
24,نزوى: بيضة الإسلام,953.53
25,الطب الشعبي في عُمان,615.88
26,حكايات من التراث العُماني للأطفال,398.2
27,رحلة السفينة سلطانة إلى نيويورك,910.45
28,أحمد بن ماجد: أسد البحار,910.92
29,السلاحف الخضراء في رأس الحد,597.92
30,مسقط القديمة: أسواقها وأحياؤها,953.53
31,طيور عُمان المصوّر,598.09
32,النباتات البرية في سلطنة عُمان,581.95
33,صلالة والخريف: رحلة في ظفار,915.353
34,قصص من التاريخ العُماني للناشئة,953.53
35,الفنون الشعبية العُمانية,781.62
36,السفن العُمانية التقليدية,623.82
37,جبل شمس وقرى الجبل الأخضر,915.353
38,نهضة عُمان الحديثة,953.53
39,معجم المفردات العُمانية,492.7
40,الرحّالة العُمانيون عبر البحار,910.92
