Gnumber,BookTitle
1,سيدات القمر - جوخة الحارثي
1,سيدات القمر - جوخة الحارثي
2,نارنجة - جوخة الحارثي
3,حرير الغزالة - جوخة الحارثي
4,تغريبة القافر - زهران القاسمي
5,جبل الشوع - زهران القاسمي
6,القناص - زهران القاسمي
7,تبكي الأرض يضحك زحل - عبدالعزيز الفارسي
8,الذي لا يحب جمال عبدالناصر - سليمان المعمري
9,دلشاد - بشرى خلفان
10,الباغ - بشرى خلفان
11,الأشياء ليست في أماكنها - هدى حمد
12,سندريلات مسقط - هدى حمد
13,تحفة الأعيان بسيرة أهل عُمان - نور الدين السالمي
14,عُمان عبر التاريخ - سالم بن حمود السيابي
15,عُمان في التاريخ
16,الموسوعة العُمانية - المجلد الأول
17,القلاع والحصون في سلطنة عُمان
18,ديوان أبي مسلم البهلاني
19,الأفلاج في عُمان: تراث وحضارة
20,اللبان العُماني: تاريخ وتجارة
21,أطلس سلطنة عُمان المدرسي
22,الحرف والصناعات التقليدية في عُمان
23,الخنجر العُماني: رمز الأصالة
24,نزوى: بيضة الإسلام
25,الطب الشعبي في عُمان
26,حكايات من التراث العُماني للأطفال
27,رحلة السفينة سلطانة إلى نيويورك
28,أحمد بن ماجد: أسد البحار
29,السلاحف الخضراء في رأس الحد
30,مسقط القديمة: أسواقها وأحياؤها
31,طيور عُمان المصوّر
32,النباتات البرية في سلطنة عُمان
33,صلالة والخريف: رحلة في ظفار
34,قصص من التاريخ العُماني للناشئة
35,الفنون الشعبية العُمانية
36,السفن العُمانية التقليدية
37,جبل شمس وقرى الجبل الأخضر
38,نهضة عُمان الحديثة
39,معجم المفردات العُمانية
40,الرحّالة العُمانيون عبر البحار
