stNumber,stName,stClass,stSec
10001,أحمد بن سالم البلوشي,4,1
10002,خالد بن خميس الحبسي,4,1
10003,سعيد بن ناصر الرواحي,4,1
10004,محمد بن سعيد المعمري,4,1
10005,عبدالله بن علي الهنائي,4,2
10006,يوسف بن حمد السعدي,4,2
10007,سلطان بن محمد الحارثي,4,2
10008,هلال بن خلفان الشكيلي,4,2
10009,راشد بن سيف العامري,5,1
10010,طلال بن عبدالله الوهيبي,5,1
10011,ماجد بن حمود المقبالي,5,1
10012,فيصل بن ماجد الكندي,5,1
10013,حمد بن سلطان البوسعيدي,5,2
10014,عمر بن هلال الشبلي,5,2
10015,علي بن يوسف اللواتي,5,2
10016,ناصر بن حمود العبري,5,2
10017,زاهر بن سعود الريامي,6,1
10018,مبارك بن سالم الغافري,6,1
10019,طارق بن طالب الجابري,6,1
10020,درويش بن جمعة البريكي,6,1
10021,سعود بن حمد الخروصي,6,2
10022,عامر بن راشد المحروقي,6,2
10023,جمعة بن علي الفارسي,6,2
10024,هاشل بن سيف النبهاني,6,2
